team_short_display_name,team_name,team_abbreviation
Alabama A&M,Bulldogs,AAMU
Academy of Art,Academy Of Art,AAU
Arl Baptist,Patriots,ABU
Abil Christian,Wildcats,ACU
Abilene Chrstn,Wildcats,ACU
Adrian,Bulldogs,ADR
Adams State,Grizzlies,ADST
Air Force,Falcons,AFA
Ark Fort Smith,Lions,AFS
Ala Huntsville,Chargers,AH
American Int'l,Yellow Jackets,AIC
Akron,Zips,AKR
Alabama,Crimson Tide,ALA
Albany,Great Danes,ALB
Albertus Magnus,Falcons,ALB
Albion,Britons,ALBI
Albany St GA,Golden Rams,ALBS
Alcorn State,Braves,ALCN
Alcorn St,Braves,ALCN
Alfred State,Alfred State,ALFST
Alice Lloyd College,Eagles,ALL
Alice Lloyd,Eagles,ALL
Allen,Allen,ALLN
Allen Univ,Allen,ALLN
Alma,Alma,ALMA
Alabama State,Hornets,ALST
Alabama St,Hornets,ALST
Aub.-Montgomery,Senators,AM
Texas A&M-CC,Islanders,AMCC
TX A&M-Commerce,Lions,AMCM
American,Eagles,AMER
TX A&M-Intl,Dust Devils,AMI
TX A&M Kings,Javelinas,AMKN
Anderson (SC),Trojans,AND
Anderson (IN),Ravens,AND
Angelo St,Rams,ANG
Antelope Valley,Pioneers,ANTP
Appalachian St,Mountaineers,APP
Austin Peay,Governors,APSU
Aquinas,Saints,AQU
Ark Baptist,Buffaloes,ARB
Arcadia University,Knights,ARC
Arizona,Wildcats,ARIZ
Arkansas,Razorbacks,ARK
Ark Monticello,Weevils,ARMC
Army,Black Knights,ARMY
Arkansas State,Red Wolves,ARST
Asbury,Eagles,ASB
Ashland,Eagles,ASH
Arizona State,Sun Devils,ASU
Arkansas Tech,Wonder Boys,ATU
Auburn,Tigers,AUB
Augustana (IL),Vikings,AUG
Aurora,Spartans,AUR
Austin,Kangaroos,AUS
Averett,Cougars,AVE
Ave Maria,Gyrenes,AVE
Avila,Eagles,AVI
AZ Christian,Firestorm,AZCH
Bel Abbey,Crusaders,BAC
Baker,Baker,BAKER
Ball State,Cardinals,BALL
Baptist Bible,Defenders,BAPTB
Buena Vista,Beavers,BAQ
Barclay,Bears,BARC
Baylor,Bears,BAY
Baptist (MO),Patriots,BBCM
Barber-Scotia,Sabers,BBS
Boston College,Eagles,BC
Benedict,Ravens,BC
Blue Mountain,Toppers,BCM
Bethune-Cookman,Wildcats,BCU
Belmont,Bruins,BEL
Bellevue,Bruins,BELL
Bellarmine,Knights,BELL
Benedictine,Ravens,BENC
Benedictine,Eagles,BENC
Berea College,Berea,BEREA
Berry,Berry,BERRY
BethnyWV,Bison,BET
Bethany,Swedes,BET
Bethesda,Flames,BETH
Bowling Green,Falcons,BGSU
Belhaven,Blazers,BHV
Binghamton,Bearcats,BING
Biola,Biola,BIOLA
Bacone College,Warriors,BKN
Black Hills St,Yellow Jackets,BLA
Blmsburg,Huskies,BLO
Bluefield,Ramblin' Rams,BLU
Bob Jones,Bruins,BOBJ
Boyce,Bulldogs,BOY
Brewton-Parker,Wildcats,BP
Bradley,Braves,BRAD
Baruch College,Bearcats,BRC
Brescia,Bearcats,BRE
Brevard,Tornados,BRE
Bridgewater,Eagles,BRI
BYU Hawaii,Seasiders,BRI
Bridgewater VA,Eagles,BRI
Bristol Univ.,Bears,BRIS
Brown,Bears,BRWN
Bryant,Bulldogs,BRY
Bryn Athyn,Lions,BRYN
Bryan,Lions,BRYN
Bluefield St,Big Blues,BSC
Birm-Southern,Panthers,BSC
Bemidji St,Beavers,BST
Boise State,Broncos,BSU
BowieSt,Bulldogs,BSU
BuffSt,Bengals,BSU
Bethel (TN),Wildcats,BTH
Boston U,Terriers,BU
Boston Univ,Terriers,BU
Benedictine AZ,Redhawks,BUAZ
Bucknell,Bison,BUCK
Buffalo,Bulls,BUFF
NA,Beacons,BUSH
Bushnell,Beacons,BUSH
Butler,Bulldogs,BUT
BYU,Cougars,BYU
Cabrini,Cavaliers,CAB
Campbellsville,Tigers,CAI
California,Golden Bears,CAL
Calvin,Knights,CAL
Caldwell,Cougars,CALD
Calvary,Warriors,CALV
Cameron,Aggies,CAM
California Maritime,Keelhaulers,CAMAR
NA,Fighting Camels,CAMP
Campbell,Fighting Camels,CAMP
Canisius,Golden Griffins,CAN
SUNY Canton,Kangaroos,CANT
Carroll MT,Fighting Saints,CAR
Carroll (MT),Fighting Saints,CAR
NA,Bears,CARK
C Arkansas,Bears,CARK
Carlow,Celtics,CARLO
Carolina Univ.,Bruins,CARU
Carver,Cougars,CARV
Catholic,Cardinals,CATH
Cent Bapt Coll,Mustangs,CBAP
Carver Bible,Cougars,CBC
Carver College,Cougars,CBC
Cal Baptist,Lancers,CBU
CA Baptist,Lancers,CBU
Columbus State,Cougars,CCB
Cent Chris Coll,Saints,CCC
Concordia (MI),Cardinals,CCD
Concordia-St. P,Golden Bears,CCD
Concordia (NE),Clippers,CCD
CncrdiWI,Falcons,CCD
Concordia (CA),Eagles,CCD
CO Christian,Cougars,CCH
Concordia IL,Cougars,CCI
Concordia OR,Cavaliers,CCO
Concord,Mountain Lions,CCR
Cent Conn St,Blue Devils,CCSU
C Connecticut,Blue Devils,CCSU
NA,Chanticleers,CCU
Catawba,Indians,CCU
Coast Carolina,Chanticleers,CCU
Centre C,Colonels,CCX
Cedarville,Yellow Jackets,CDE
Centenary,Gentlemen,CENT
Centenary,Cyclones,CENT
Centenary LA,Gentlemen,CENT
Champ. Christ.,Tigers,CHA
Chapman,Panthers,CHA
Chaminade,Silverswords,CHAM
Chadron State,Eagles,CHD
Cheyney,Wolves,CHE
Chestnut Hill,Griffins,CHES
Chicago,Maroons,CHI
Chicago State,Cougars,CHIC
Chillicothe,Ohchilli,CHIL
Chowan,Hawks,CHO
Christendom,Crusaders,CHRI
Charleston So,Buccaneers,CHSO
Chatham,Cougars,CHU
Cincinnati,Bearcats,CIN
Cincy Clermont,Cougars,CINC
The Citadel,Bulldogs,CIT
Cal Tech,Beavers,CIT
Columbia Int,Rams,CIU
Clearwater Christian,Cougars,CLEAR
Clemson,Tigers,CLEM
Cleveland State,Vikings,CLEV
Claflin,Panthers,CLF
Columbia,Lions,CLMB
Clarion,Golden Eagles,CLR
NA,49ers,CLT
Charlotte,49ers,CLT
Cal Lutheran,Kingsmen,CLU
Clayton,Lakers,CLY
Concordia (MN),Cobbers,CMHD
Cent Methodist,Eagles,CMTH
Cent Michigan,Chippewas,CMU
C Michigan,Chippewas,CMU
NA,Eagles,CNCU
ND de Namur,Argonauts,CND
Coll NJ,Lions,CNJ
Coe,Kohawks,COE
Coe College,Kohawks,COE
Charleston,Cougars,COFC
Coker,Cobras,COK
SUNY-Old Westbury,Panthers,COL
Colorado Coll,Tigers,COLC
Colgate,Raiders,COLG
Colorado,Buffaloes,COLO
UConn,Huskies,CONN
Converse,Valkyries,CONV
Coppin State,Eagles,COPP
Cornell,Big Red,COR
Corban U,Warriors,CORB
SUNY Cortland,Red Dragons,CORT
Concordia TX,Tornados,COTX
Covenant,Scots,COV
Cal Poly,Mustangs,CP
Central Penn,Knights,CPE
Capital (OH),Crusaders,CPTL
Creighton,Bluejays,CREI
Cairn,Cairn,CRN
CrnllIA,Rams,CRN
Crossroads,Cross,CROSS
Crown College,Storm,CROWN
Crowley's Ridge,Pioneers,CRW
CSU Dom Hills,Toros,CSDH
CS East Bay,Pioneers,CSEB
Staten Island,Dolphins,CSI
CS Los Angeles,Golden Eagles,CSLA
CS Monterey Bay,Otters,CSMB
Cent St OH,Marauders,CSO
CentStOk,Bronchos,CSO
Stanislaus St,Warriors,CSS
CSU San Bern,Coyotes,CSSB
Colorado State,Rams,CSU
CSU Bakersfield,Roadrunners,CSUB
CSU Fullerton,Titans,CSUF
CSU Northridge,Matadors,CSUN
CS San Marcos,Cougars,CSUSM
CU-Harrodsburg,Tigers,CU-H
Culver-Stockton,Wildcats,CUL
Cumberland TN,Bulldogs,CUMB
Cumbrlnd,Indians,CUMB
CCNY,Beavers,CUNY
Curry Co,Curry,CURRY
Cent Wash,Wildcats,CWAS
Dakota St,Trojans,DAKO
Dalton State,Roadrunners,DALTO
Dartmouth,Big Green,DART
Davidson,Wildcats,DAV
Davenport Univ,Panthers,DAV
Dayton,Flyers,DAY
Dallas Baptist,Patriots,DBU
Dist of Col,Firebirds,DC
Dallas Christ.,Crusaders,DCH
Dean,Bulldogs,DEAN
Defiance,Yellow Jackets,DEF
Delaware,Blue Hens,DEL
Denver,Pioneers,DEN
DePaul,Blue Demons,DEP
DeSales,Bulldogs,DESA
Detroit Mercy,Titans,DET
Dillard,Blue Devils,DIL
Delta State,Statesmen,DLST
Doane,Tigers,DOANE
Dominican (CA),Penguins,DOM
Dominican (IL),Stars,DOM
DePauw,Tigers,DPW
NA,Wolverines,DRBRN
Mich-Dearborn,Wolverines,DRBRN
Drexel,Dragons,DREX
Drake,Bulldogs,DRKE
Delaware State,Hornets,DSU
Dickinson St,Blue Hawks,DSU
Dubuque,Spartans,DUB
Duke,Blue Devils,DUKE
Duquesne,Dukes,DUQ
Davis & Elkins,Senators,DVE
Daniel Webster,Eagles,DWB
Dixie State,Trailblazers,DXST
E Oregon,Mountaineers,EAQ
Earlham,Quakers,EARL
East-West,Phantoms,EAS
Edward Waters,Tigers,EAU
Eastern Univ.,Eagles,EAU
Ecclesia,Royals,ECC
East Central,Tigers,ECEN
Eckerd,Tritons,ECK
East Carolina,Pirates,ECU
E Illinois,Panthers,EIU
E Kentucky,Colonels,EKU
ElizCity,Vikings,ELIZ
Elmhurst,Blue Jays,ELM
Elon,Phoenix,ELON
Emmanuel,Lions,EMM
East Menn,Royals,EMN
Emory & Henry,Wasps,EMO
Emory,Eagles,EMORY
Emporia St,Hornets,EMP
Embry-Riddle,Eagles,EMR
Emerson,Lions,EMRS
E Michigan,Eagles,EMU
Eastern Nazarene Col,Eastern Nazarene College,ENAZA
E New Mexico,Greyhounds,ENM
Emb-Rid (AZ),Eagles,ERAZ
Erskine,Flying Fleet,ERS
E TX Bapt,Tigers,ETB
ETSU,Buccaneers,ETSU
Eureka Coll,Red Devils,EUR
Evansville,Purple Aces,EVAN
Evergreen State,Geoducks,EVG
Evangel,Crusaders,EVN
E Washington,Eagles,EWU
Fairfield,Stags,FAIR
Fairmont,Falcons,FAIR
Coll of Faith,Saints,FAITH
Florida A&M,Rattlers,FAMU
FAMU,Rattlers,FAMU
FAU,Owls,FAU
Fayetteville St,Broncos,FAY
FDU-Florham,Devils,FDF
Fair. Dickinson,Knights,FDU
Fair Dickinson,Knights,FDU
Ferrum,Panthers,FERM
FGCU,Eagles,FGCU
Freed-Hardeman,Lions,FHC
Fort Hays St,Tigers,FHSU
Fisher College,Eagles,FIS
Fisk,Fisk,FISK
Florida Tech,Panthers,FIT
Florida Int'l,Panthers,FIU
FIU,Panthers,FIU
Florida,Gators,FLA
Florida Coll,Falcons,FLCO
Flagler,Saints,FLGR
Florida Natl,Conquistadors,FLN
FL Mem,Lions,FM
FL Memorial,Lions,FM
Fontbonne,Griffins,FNT
Fordham,Rams,FOR
Franklin Pierce,Ravens,FRA
Franciscan,Barons,FRAN
Fresno State,Bulldogs,FRES
Francis,Patriots,FRM
Frostburg St,Bobcats,FRO
Fresno Pacific,Sunbirds,FRP
Ferris State,Bulldogs,FRST
Florida State,Seminoles,FSU
Furman,Paladins,FUR
Fort Valley St,Wildcats,FVS
Farmingdale,Rams,FXS
Georgian Court,Lions,GA CT
Gallaudet,Bison,GAL
Gannon,Golden Knights,GAN
GA Southern,Eagles,GASO
Georgia So,Eagles,GASO
Georgia State,Panthers,GAST
Georgia Southwestern,Hurricanes,GASW
Green Bay,Phoenix,GB
Grace Bible,Tigers,GBC
Grand Canyon,Antelopes,GCU
Geneva,Golden Tornadoes,GEN
Gettysbu,Bullets,GET
George Fox,NA,GFX
Glenville St,Pioneers,GLN
George Mason,Patriots,GMU
Goldey-Beacom,Goldey-Beacom,GOLDY
Gonzaga,Bulldogs,GONZ
Gordon,Fighting Scots,GOR
Goshen,Maple Leafs,GOS
Goucher,Gophers,GOU
Grace,Grace,GRACE
Grambling,Tigers,GRAM
Graceland,Yellowjackets,GRC
Greenville,Panthers,GRE
Greensboro,Pride,GRN
Governors State,Jaguars,GS
Georgia Tech,Yellow Jackets,GT
Georgetown,Hoyas,GTWN
Guilford,Quakers,GUI
G Washington,Colonials,GW
Gardner-Webb,Runnin' Bulldogs,GWEB
Gwynedd-Mercy,Griffins,GWY
Hampden,Tigers,HAC
Seton Hall,Pirates,HALL
Hampton,Pirates,HAMP
Hanover,Panthers,HAN
Hardin-Simmons,Cowboys,HAR
Harris Stowe,Hornets,HAR
Harding,Bison,HAR
Harrisburg,Lions,HARR
Hartford,Hawks,HART
Harvard,Crimson,HARV
Haskell,Jayhawks,HAS
Hastings,Broncos,HAS
Haverford,Fords,HAV
Hawai'i,Rainbow Warriors,HAW
Houston Baptist,Huskies,HBU
Holy Cross,Crusaders,HC
Heidelberg,Student Princes,HEI
Henderson St,Reddies,HEN
Hillsdale,Chargers,HIL
HI Hilo,Vulcans,HILO
Hawaii-Hilo,Vulcans,HILO
Hiram,Hiram,HIRAM
Hiwassee,Tigers,HIW
Hannibal-LaGrange Co,Trojans,HLG
Holy Names,Hawks,HNU
Hofstra,Pride,HOF
Holy Family College,Tigers,HOL
Hood,Blazers,HOOD
Hope College,Hope,HOPE
Houston,Cougars,HOU
Houghton,Highlanders,HOUG
Howard,Bison,HOW
High Point,Panthers,HP
HI Pacific,Sharks,HPU
Humboldt St,Lumberjacks,HUM
Huntingdon,Hawks,HUNT
Hus-Till,Rams,HUS
Howard Payne,Yellow Jackets,HWP
Coll Idaho,Yotes,IDA
Idaho,Vandals,IDHO
Idaho State,Bengals,IDST
IL Tech,Scarlet Hawks,IIT
IU-Kokomo,Cougars,IKO
Illinois,Fighting Illini,ILL
Illinois State,Redbirds,ILST
IL Wesylan,Titans,ILW
Immaculata,MIghty Macs,IMM
Indianapolis,Greyhounds,INDY
IN South Bend,Titans,INSB
Indiana State,Sycamores,INST
IU-Northwest,RedHawks,INW
Iona,Gaels,IONA
Iowa Wesleyan,Tigers,IOW
Iowa,Hawkeyes,IOWA
Iowa State,Cyclones,ISU
Indiana,Hoosiers,IU
Indiana-East Univ,Red Wolves,IUE
IUPUI,Jaguars,IUPU
Jamestow,Jimmies,JAM
Jarvis Chr,Bulldogs,JAR
Jacksonville,Dolphins,JAX
JohnBrow,Golden Eagles,JB
John Jay,Bloodhounds,JJ
Jackson State,Tigers,JKST
Jackson St,Tigers,JKST
James Madison,Dukes,JMU
Saint Joseph's,Hawks,JOES
Judson College,Eagles,JUD
Johnson FL,Suns,JUFL
Johnson (TN),Royals,JUTN
Jacksonville St,Gamecocks,JVST
J'Ville St,Gamecocks,JVST
Joh. & Wales CO,Wildcats,JW
Joh. & Wales NC,Wildcats,JWN
Joh. & Wales RI,Wildcats,JWRI
Kalamazoo,Hornets,KAL
NA,Roos,KC
Kansas City,Roos,KC
Kean,Kean,KEAN
Kenyon,Lords,KEN
Kennesaw State,Owls,KENN
Kent State,Golden Flashes,KENT
King  TN,Tornado,KING
Knox College,Knox,KNOX
Keene State,Owls,KST
Kansas State,Wildcats,KSU
Kansas,Jayhawks,KU
Kentucky Chr,Knights,KYCH
Kentucky St,Thorobreds,KYS
Keystone,Keystone,KYSTN
KY Wesleyan,Panthers,KYW
Loyola (LA),Wolfpack,L-LA
Loyola (MD),Greyhounds,L-MD
LA Coll,Wildcats,LA
Lafayette,Leopards,LAF
Lenoir Rhyne,Bears,LAG
Lamar,Cardinals,LAM
Lander,Bearcats,LAN
Langston,Lions,LANG
Laroche,Redhawks,LAR
La Salle,Explorers,LAS
Lancaster Bible,Chargers,LBC
Lubbock Christian,Chaparrals,LBCH
Lindenwood,Lions,LBI
Long Beach St,Beach,LBSU
Lincoln (CA),Lions,LCA
Our Lady,Saints,LDY
Lees McRae,Bobcats,LEES
Lehigh,Mountain Hawks,LEH
St. Leo,Lions,LEO
Lesley University,Lynx,LES
Lewis & Clark,Pioneers,LEW
Lewis,Lewis,LEWIS
LaGrange,Panthers,LG
Liberty,Flames,LIB
Lincoln,Red Lions,LICH
Life University,Running Eagles,LIFE
Limestone,Saints,LIM
Lincoln PA,Lions,LIN
Lindsey Wilson,Blue Raiders,LIN
Lipscomb,Bisons,LIP
Long Island,Sharks,LIU
Lake Erie,Storm,LKE
Loyola Marymnt,Lions,LMU
LMU,Lions,LMU
Linfield,Wildcats,LNFD
LeMoyne-Owen,Magicians,LO
Longwood,Lancers,LONG
Louisville,Cardinals,LOU
Life Pacific,Warriors,LP
La Sierra,Golden Eagles,LSR
LSU Shreveport,Pilots,LSS
LSU,Tigers,LSU
LSU Alexandria,Generals,LSUAL
Louisiana Tech,Bulldogs,LT
LeTourneau,Yellow Jackets,LTO
Loyola Chicago,Ramblers,LUC
Luther,Norse,LUT
La Verne,Leopards,LV
Lyndon St,Hornets,LYDS
Lynchburg,Hornets,LYN
Lyon,Scots,LYON
Miami (OH),Redhawks,M-OH
Mid-Atl Chrstn,Mustangs,MACH
Maine-Farmington,Highlanders,MAI
NA,Black Bears,MAINE
Maine,Black Bears,MAINE
Malone,Pioneers,MAL
Manhattan,Jaspers,MAN
Manhattanville,Valiants,MAN
Manhattan,Valiants,MAN
Manhattanville,Jaspers,MAN
Marygrove,Mustangs,MAR
Marquette,Golden Eagles,MARQ
Marymoun,Saints,MARY
Maryvill,Fighting Scots,MARY
Maryville,Fighting Scots,MARY
UMass,Minutemen,MASS
Masters,Mustangs,MAST
Mayville St,Comets,MAY
MO Baptist,Spartans,MB
UMass Boston,Beacons,MB
Mary Baldwin,Fighting Squirrels,MBU
MCLA,Mohawks,MCLA
McNeese,Cowboys,MCNS
NA,Cowboys,MCNS
U of Mary,Marauders,MCO
Maryland,Terrapins,MD
Medgar Evers,Cougars,ME
Maine-Ft Kent,Bengals,MEFK
Memphis,Tigers,MEM
Mercer,Bears,MER
Mercy,Mercy,MERCY
Messiah,Falcons,MESS
Metro State,Roadrunners,MET
Mid Georgia St,Knights,MGAS
Mars Hill,Lions,MH
Mary Hardin-Bay,Crusaders,MHB
Mount Ida,Mustangs,MI
Miami,Hurricanes,MIA
Miami-Hamilton,Mia-Ham,MIAH
Michigan,Wolverines,MICH
Mid-Continent,NA,MID
Midwest,Mustangs,MID
Midway,Eagles,MID
Mid-America CU,Evangels,MID
Midland U,Warriors,MID
Milwaukee,Panthers,MILW
Minn-Morris,Cougars,MIN
Minnesota,Golden Gophers,MINN
MS College,Choctaws,MIS
Ole Miss,Rebels,MISS
Mitchell,Mariners,MITCH
Missouri,Tigers,MIZ
Milligan,Buffaloes,MLG
Millersv,Marauders,MLR
Miles,Miles,MLS
Millsaps,Majors,MLSP
Merchant Marine,Mariners,MM
Maine Maritime,Mariners,MM
McMurry,War Hawks,MMR
Manchester,Spartans,MNCH
Minn Crookston,Golden Eagles,MNCK
Menlo,Menlo,MNLO
Minot St,Beavers,MNT
Mount Olive,Trojans,MO
Mobile,Rams,MOB
Molloy,Lions,MOL
Montreat,Cavaliers,MON
Monteval,Falcons,MON
Monmouth,Hawks,MONM
Montana,Grizzlies,MONT
Morehouse,Tigers,MOR
Morris College,Hornets,MOR
Morehead State,Eagles,MORE
Morgan State,Bears,MORG
Missouri South St,Lions,MOS
Missouri State,Bears,MOST
Merrimack,Warriors,MRMK
Marshall,Thundering Herd,MRSH
Marist,Red Foxes,MRST
Mount St. Joseph,Lions,MSJ
Maryville,Saints,MSL
Mt. St. Mary's,Mountaineers,MSM
Mount St Mary,Mountaineers,MSM
Mississippi St,Bulldogs,MSST
Michigan State,Spartans,MSU
Mt. St. Vincent,Dolphins,MSV
MT Tech,Orediggers,MT
Mt. Aloysius,Mounties,MTAL
Mount Marty College,Lancers,MTM
Montana State,Bobcats,MTST
NA,Blue Raiders,MTSU
MTSU,Blue Raiders,MTSU
Multnomah,Lions,MULT
Murray State,Racers,MUR
Missouri Valley,Vikings,MV
Miss Valley St,Delta Devils,MVSU
MaryWash,Eagles,MW
Mo Western,Griffons,MW
Northwood,Timberwolves,"NAR"
N Arizona,Lumberjacks,"NAU"
Navy,Midshipmen,"NAVY"
Newberry,Indians,NBR
NC A&T,Aggies,NCAT
NC Central,Eagles,NCCU
NC State,Wolfpack,NCST
North Central U,Rams,NCU
NC Wesleyan,Battling Bishops,NCW
Notre Dame,Fighting Irish,ND
North Dakota St,Bison,NDSU
N Dakota St,Bison,NDSU
Northeastern,Huskies,NE
Nebraska,Cornhuskers,NEB
Nebraska Wesleyan,PrairieWolves,NEBW
Nebraska Christ,Sentinels,NECH
Northeastern St,RiverHawks,NEOS
New Rochelle,Blue Angels,NERO
Nevada,Wolf Pack,NEV
Newman,Jets,NEW
Apprentice,Builders,NEW
N Greenville,Crusaders,NG
N Georgia,Saints,NGA
New Hope,Deacons,NHP
Niagara,Purple Eagles,NIAG
Nicholls,Colonels,NICH
N Illinois,Huskies,NIU
NJIT,Highlanders,NJIT
Nebraska-Kearney,Lopers,NK
N Kentucky,Norse,NKU
NM Highlands,Cowboys,NMH
New Mexico St,Aggies,NMSU
No New Mexico,Eagles,NNM
Norfolk State,Spartans,NORF
Northwood,Knights,NORT
Northland,Lumberjacks,NORT
North Park,Vikings,NP
NA,Wildcats,NU
Northwestern,Wildcats,NU
Newbury,Newbury,NWBR
Northwest Indian,Eagles,NWIND
NW Nazarene,Crusaders,NWN
Northwest Ohio,Racers,NWOH
NW Oklahoma St,Rangers,NWOS
Northwestern St,Demons,NWST
N'Western St,Demons,NWST
Northwest (WA),Eagles,NWU
Nyack College,Warriors,NYA
Oakland,Golden Grizzlies,OAK
Ouachita Baptist,Tigers,OB
Oberlin,Yeomen,OBE
Old Dominion,Monarchs,ODU
Coastal Georgia,Mariners,OFC
Ohio Christian,Trailblazers,OHC
Oak Hills Chr.,Wolfpack,OHC
Ohio Dominican,Panthers,OHDM
Ohio,Bobcats,OHIO
Okla Christian,Eagles,OKCH
Oklahoma State,Cowboys,OKST
Oakwood,Ambassadors,OKW
Olivet College,Comets,OLIV
Omaha,Mavericks,OMA
Ohio Northern,Polar Bears,ON
Olivet Nazarene,Tigers,ONZ
Open Bible,Bruins,OPENB
Oregon,Ducks,ORE
Oregon State,Beavers,ORST
Oral Roberts,Golden Eagles,ORU
Ohio State,Buckeyes,OSU
Oregon Tech,Hustlin' Owls,OT
Ottawa (AZ),Spirit,OTAZ
Oklahoma,Sooners,OU
Ohio Valley,Fighting Scots,OV
Ozarks AR,Eagles,OZAR
Pacific,Tigers,PAC
Pacific Union,Pioneers,PAC
Pacific,Pioneers,PAC
Pacific Union,Tigers,PAC
Pace,Pace,PACE
Pacific (OR),Boxers,PACO
Paine,Paine,PAINE
Panhandle St,Aggies,PAN
Palm Beach Atl,Sailfish,PBA
Pensacola,Eagles,PEN
Penn,Quakers,PENN
Pennsylvania,Quakers,PENN
Pepperdine,Waves,PEPP
Peru St,Bobcats,PER
Pacifica College,Gladiators,PFC
Pfeiffer,Falcons,PFE
Purdue FW,Mastodons,PFW
Piedmont,Lions,PIED
Pikeville,Bears,PIKE
Pine Manor,Gators,PIN
Pittsburgh,Panthers,PITT
Pacific Lutheran,Lutes,PL
Point Loma,Sea Lions,PLN
Purdue NW,Pride,PNW
Portland Bible,Wildcats,POBI
Point,Skyhawks,POI
Pomona P,Sagehens,POM
Portland,Pilots,PORT
Point Park,Pioneers,PP
Paul Quinn,Tigers,PQ
NA,Blue Hose,PRE
Presbyterian,Blue Hose,PRE
Presentation,Saints,PRES
Princeton,Tigers,PRIN
Providence (MT),Argos,PRMT
Providence,Friars,PROV
Portland State,Vikings,PRST
Puget Sound,Loggers,PS
Philander Smith,Panthers,PS
Penn State,Nittany Lions,PSU
Penn St - York,Nittany Lions,PSUY
Purdue,Boilermakers,PUR
Prairie View,Panthers,PV
Quincy,Hawks,QNCY
Quinnipiac,Bobcats,QUIN
Radford,Highlanders,RAD
Randall,Saints,RAND
Rogers State,Hillcats,RBA
NA,Warriors,RCU
Redlands,Bulldogs,RED
Regis Univ,Rangers,REG
Reinhardt,Eagles,REIN
Regent,Royals,RGNT
NA,Vaqueros,RGV
UT Rio Grande,Vaqueros,RGV
Rhodes,Lynx,RHOD
Rice,Owls,RICE
Richmond,Spiders,RICH
Rider,Broncs,RID
Rio Grande,RedStorm,RIO
Rivier,Raiders,RIV
R. Morris-Spfld,Eagles,RMSP
Robert Morris,Colonials,RMU
Roanoke,Maroons,ROA
Rockhurst,Hawks,ROCK
Roosevelt,Lakers,RSV
Rutgers-Newark,Scarlet Raiders,RTN
Rust,Rust,RUST
Rutgers,Scarlet Knights,RUTG
Missouri S&T,Miners,S&T
St. Andrews,Knights,SA
St Ambro,Fighting Bees,SA
Sacramento St,Hornets,SAC
Salisbury,Sea Gulls,SAL
Samford,Bulldogs,SAM
Southern Ark.,Muleriders,SAU
Savannah State,Tigers,SAV
St. Bonaventure,Bonnies,SBU
South Carolina,Gamecocks,SC
Schreiner,Mountaineers,SCHR
SC State,Bulldogs,SCST
Santa Clara,Broncos,SCU
SC Upstate,Spartans,SCUP
South Dakota,Coyotes,SDAK
SD Christian,Hawks,SDCC
South Dakota St,Jackrabbits,SDST
S Dakota St,Jackrabbits,SDST
San Diego State,Aztecs,SDSU
Southeastern U,Fires,SE
Seattle U,Redhawks,SEA
SE Baptist,Chargers,SEBA
SE Louisiana,Lions,SELA
SE Missouri St,Redhawks,SEMO
SE Okla St,Savage Storm,SEOS
St. Edward's,Hilltoppers,SEU
San Francisco,Dons,SF
SF Austin,Lumberjacks,SFA
St. Fran. (BKN),Terriers,SFBK
St Francis BK,Terriers,SFBK
St Francis (IL),Fighting Saints,SFIL
St. Fran. (PA),Red Flash,SFPA
St Francis PA,Red Flash,SFPA
San Fran St,Gators,SFSU
St Gregory's,Cavaliers,SG
Siena Heights,Saints,SH
Shenandoah,Hornets,SHEN
Shorter,Hawks,SHOR
Sam Houston St,Bearkats,SHSU
Sam Houston,Bearkats,SHSU
Sacred Heart,Pioneers,SHU
Siena,Saints,SIE
Silver Lake,Lakers,SILV
Simpson,Red Hawks,SIM
So Illinois,Salukis,SIU
S Illinois,Salukis,SIU
SIUE,Cougars,SIUE
St Josephs (ME),Monks,SJME
San José State,Spartans,SJSU
St. John's,Red Storm,SJU
Skidmore,Thoroughbreds,SKID
Saint Louis,Billikens,SLU
Saint Mary's,Gaels,SMC
StMaryMD,Seahawks,SMMD
St. Mary's MD,Seahawks,SMMD
St Marys,Rattlers,SMTX
SMU,Mustangs,SMU
Southern Nazarene,Crimson Storm,SN
Sonoma St,Seawolves,SON
Southern,Jaguars,SOU
Spring Hill,Badgers,SPHL
Saint Peter's,Peacocks,SPU
Sul Ross,Lobos,SROS
Shawnee,Bears,SS
St. Thomas Aquinas,Saints,STAC
Stanford,Cardinal,STAN
Stony Brook,Seawolves,STBK
St. Catharine,Patriots,STC
Stetson,Hatters,STET
St. Katherine,Firebirds,STKAT
St. Mary's (MN),Cardinals,STM
St. Thomas (TX),Celts,STT
So New Orleans,Knights,SU
Suffolk University,Rams,SUF
Summit,Defenders,SUMM
Southern Utah,Thunderbirds,SUU
Southern VT,Mountaineers,SV
Southern VA,Knights,SVA
SagValSt,Cardinals,SVSU
Southwest,Mustang,SW
Southwestern U,Pirates,SW
S Wesleyan,Warriors,SW
SW Adventist,Knights,SWA
SW Assem Of God,Lions,SWA
SWBapt,Bearcats,SWB
SW Christian Univ,Eagles,SWCHR
St Xavier,Cougars,SX
Syracuse,Orange,SYR
Texas A&M,Aggies,TA&M
Tabor College,Tabor,TABOR
Tampa,Tampa,TAMPA
Tarleton,Texans,TAR
Texas College,Steers,TC
TCU,Horned Frogs,TCU
Temple,Owls,TEM
Tennessee,Volunteers,TENN
Tenn Temple,Crusaders,TENT
Texas,Longhorns,TEX
Toccoa Falls,Eagles,TF
Thiel,Thiel,THIEL
Thomas College,Terriers,THMAS
Tiffin,Dragons,TIF
TX Lutheran,Bulldogs,TL
Tulsa,Golden Hurricane,TLSA
Tennessee State,Tigers,TNST
Tennessee Tech,Golden Eagles,TNTC
Trevecca,Trojans,TNU
Toledo,Rockets,TOL
Tougaloo,Bulldogs,TOUG
Towson,Tigers,TOW
Trinity (TX),Tigers,TRI
Trinity Baptist,Eagles,TRI
Trinity (IL),Trolls,TRI
Trinity Intl,Trojans,TRIN
Troy,Trojans,TROY
Tru-Mc,Bears,TRUE
Texas Tech,Red Raiders,TTU
Thomas (GA),Night Hawks,TUG
Tulane,Green Wave,TULN
Tusculum,Pioneers,TUSC
Tuskegee,Golden Tigers,TUSK
TX Wesleyan,Rams,TW
Tenn Wesleyan,Bulldogs,TWC
Texas Dallas,Comets,TXDL
TX Perm Basin,Falcons,TXPR
TX-Permian Basin,Falcons,TXPR
Texas Southern,Tigers,TXSO
Texas State,Bobcats,TXST
TX-Tyler,Patriots,TXTY
AK Anchorage,Seawolves,UAA
UAB,Blazers,UAB
Little Rock,Trojans,UALR
Ark-Pine Bluff,Golden Lions,UAPB
AR-Pine Bluff,Golden Lions,UAPB
UC Davis,Aggies,UCD
UCF,Knights,UCF
UC Irvine,Anteaters,UCI
UCLA,Bruins,UCLA
UC Merced,Bobcats,UCME
UC Riverside,Highlanders,UCR
UCSB,Gauchos,UCSB
Georgia,Bulldogs,UGA
UHSP St. Louis,Eutectics,UHSP
UIC,Flames,UIC
Incarnate Word,Cardinals,UIW
Kentucky,Wildcats,UK
Louisiana,Ragin' Cajuns,ULL
UL Monroe,Warhawks,ULM
UMBC,Retrievers,UMBC
MD-Eastern,Hawks,UMES
UMass Lowell,River Hawks,UML
North Alabama,Lions,UNA
North Carolina,Tar Heels,UNC
UNC Asheville,Bulldogs,UNCA
UNC Greensboro,Spartans,UNCG
N Colorado,Bears,UNCO
UNC Wilmington,Seahawks,UNCW
North Dakota,Fighting Hawks,UND
North Florida,Ospreys,UNF
New Hampshire,Wildcats,UNH
Northern Iowa,Panthers,UNI
UNLV,Rebels,UNLV
New Mexico,Lobos,UNM
New Orleans,Privateers,UNO
North Texas,Mean Green,UNT
Urbana,Blue Knights,URB
Rhode Island,Rams,URI
South Alabama,Jaguars,USA
USC,Trojans,USC
San Diego,Toreros,USD
South Florida,Bulls,USF
Southern Miss,Golden Eagles,USM
Utah State,Aggies,USU
UT Arlington,Mavericks,UTA
Utah,Utes,UTAH
Chattanooga,Mocs,UTC
UTEP,Miners,UTEP
UT Martin,Skyhawks,UTM
UTSA,Roadrunners,UTSA
Virginia,Cavaliers,UVA
VA Intermont,Cobras,UVI
Vermont,Catamounts,UVM
Utah Valley,Wolverines,UVU
Wash. & Lee,Generals,UWL
Valparaiso,Beacons,VALP
Vanderbilt,Commodores,VAN
Vassar,Brewers,VAS
Virginia-Wise,Highland Cavaliers,VAW
VCU,Rams,VCU
Villanova,Wildcats,VILL
VMI,Keydets,VMI
Virginia Tech,Hokies,VT
William & Mary,Tribe,W&M
Wagner,Seahawks,WAG
Wake Forest,Demon Deacons,WAKE
Washington,Huskies,WASH
Wabash,Little Giants,WBSH
West Coast Bapt,Eagles,WCB
Western St.,Mountaineers,WCK
West Colorado,Mountaineers,WCOL
W Carolina,Catamounts,WCU
Westminster UT,Griffins,WCV
Weber State,Wildcats,WEB
Webber Int,Warriors,WEBI
Westminster PA,Titans,WES
Wichita State,Shockers,WICH
Wilberforce,Bulldogs,WILB
Winthrop,Eagles,WIN
Wisconsin,Badgers,WISC
W Illinois,Leathernecks,WIU
Western KY,Hilltoppers,WKU
W Michigan,Broncos,WMU
Wofford,Terriers,WOF
Wright State,Raiders,WRST
W. Virginia Tech,Golden Bears,WVTU
West Virginia,Mountaineers,WVU
Warren Wilson,Owls,WWN
